PRODUCT,QUANTITY,UOM,DESCRIPTION,LOT,EXPIRY DATE,price_unit
8904256305006,100,Units, Instant Sanjeevini 500gms,New Lot,2022-12-23,100
8904256305006,1,Units, Instant Sanjeevini 500gms,New Lot1,2022-12-23,230
8904256305006,2,Units, Instant Sanjeevini 500gms,New Lot2,2022-12-23,560
8904256305006,3,Units, Instant Sanjeevini 500gms,New Lot1,2022-12-23,240
8904256305006,100,Units, Instant Sanjeevini 500gms,New Lot,2022-12-23,360
8904256305006,1,Units, Instant Sanjeevini 500gms,New Lot1,2022-12-23,234
